1,المؤتمر
2,المؤتمر
2,المؤتمر
1,المؤتمر
2,المؤتمر
1,المؤتمر
2,المؤتمر
1,المؤتمر
2,المؤتمر
1,المؤتمر
2,المؤتمر
1,المؤتمر
2,المؤتمر
1,المؤتمر
2,المؤتمر
1,المؤتمر
2,المؤتمر
1,المؤتمر
2,المؤتمر
2,المؤتمر
1,المؤتمر
2,المؤتمر
1,المؤتمر
2,المؤتمر
1,المؤتمر
2,المؤتمر
1,المؤتمر
2,المؤتمر
1,المؤتمر
2,المؤتمر
1,المؤتمر
2,المؤتمر
1,المؤتمر
2,المؤتمر
1,المؤتمر
2,المؤتمر
2,المؤتمر
1,المؤتمر
2,المؤتمر
1,المؤتمر
2,المؤتمر
1,المؤتمر
2,المؤتمر
1,المؤتمر
2,المؤتمر
1,المؤتمر
2,المؤتمر
1,المؤتمر
2,المؤتمر
1,المؤتمر
2,المؤتمر
1,المؤتمر
2,المؤتمر
2,المؤتمر
1,المؤتمر
2,المؤتمر
1,المؤتمر
2,المؤتمر
1,المؤتمر
2,المؤتمر
1,المؤتمر
2,المؤتمر
1,المؤتمر
2,المؤتمر
1,المؤتمر
2,المؤتمر
1,المؤتمر
2,المؤتمر
1,المؤتمر
2,المؤتمر
2,المؤتمر
1,المؤتمر
2,المؤتمر
1,المؤتمر
2,المؤتمر
1,المؤتمر
2,المؤتمر
1,المؤتمر
2,المؤتمر
1,المؤتمر
2,المؤتمر
1,المؤتمر
2,المؤتمر
1,المؤتمر
2,المؤتمر
1,المؤتمر
2,المؤتمر
2,المؤتمر
1,المؤتمر
2,المؤتمر
1,المؤتمر
2,المؤتمر
1,المؤتمر
2,المؤتمر
1,المؤتمر
2,المؤتمر
1,المؤتمر
2,المؤتمر
1,المؤتمر
2,المؤتمر
1,المؤتمر
2,المؤتمر
1,المؤتمر
2,المؤتمر
2,المؤتمر
1,المؤتمر
2,المؤتمر
1,المؤتمر
2,المؤتمر
1,المؤتمر
2,المؤتمر
1,المؤتمر
2,المؤتمر
1,المؤتمر
2,المؤتمر
1,المؤتمر
2,المؤتمر
1,المؤتمر
2,المؤتمر
1,المؤتمر
2,المؤتمر
2,المؤتمر
1,المؤتمر
2,المؤتمر
1,المؤتمر
2,المؤتمر
1,المؤتمر
2,المؤتمر
1,المؤتمر
2,المؤتمر
1,المؤتمر
2,المؤتمر
1,المؤتمر
2,المؤتمر
1,المؤتمر
2,المؤتمر
1,المؤتمر
2,المؤتمر
2,المؤتمر
1,المؤتمر
2,المؤتمر
1,المؤتمر
2,المؤتمر
1,المؤتمر
2,المؤتمر
1,المؤتمر
2,المؤتمر
1,المؤتمر
2,المؤتمر
1,المؤتمر
2,المؤتمر
1,المؤتمر
2,المؤتمر
1,المؤتمر
2,المؤتمر
2,المؤتمر
1,المؤتمر
2,المؤتمر
1,المؤتمر
2,المؤتمر
1,المؤتمر
2,المؤتمر
1,المؤتمر
2,المؤتمر
1,المؤتمر
2,المؤتمر
1,المؤتمر
2,المؤتمر
1,المؤتمر
2,المؤتمر
1,المؤتمر
2,المؤتمر
2,المؤتمر
1,المؤتمر
2,المؤتمر
1,المؤتمر
2,المؤتمر
1,المؤتمر
2,المؤتمر
1,المؤتمر
2,المؤتمر
1,المؤتمر
2,المؤتمر
1,المؤتمر
2,المؤتمر
1,المؤتمر
2,المؤتمر
1,المؤتمر
2,المؤتمر
2,المؤتمر
1,المؤتمر
2,المؤتمر
1,المؤتمر
2,المؤتمر
1,المؤتمر
2,المؤتمر
1,المؤتمر
2,المؤتمر
1,المؤتمر
2,المؤتمر
1,المؤتمر
2,المؤتمر
1,المؤتمر
2,المؤتمر
1,المؤتمر
2,المؤتمر
2,المؤتمر
1,المؤتمر
2,المؤتمر
1,المؤتمر
2,المؤتمر
1,المؤتمر
2,المؤتمر
1,المؤتمر
2,المؤتمر
1,المؤتمر
2,المؤتمر
1,المؤتمر
2,المؤتمر
1,المؤتمر
2,المؤتمر
1,المؤتمر
2,المؤتمر
2,المؤتمر
1,المؤتمر
2,المؤتمر
1,المؤتمر
2,المؤتمر
1,المؤتمر
2,المؤتمر
1,المؤتمر
2,المؤتمر
1,المؤتمر
2,المؤتمر
1,المؤتمر
2,المؤتمر
1,المؤتمر
2,المؤتمر
1,المؤتمر
2,المؤتمر
2,المؤتمر
1,المؤتمر
2,المؤتمر
1,المؤتمر
2,المؤتمر
1,المؤتمر
2,المؤتمر
1,المؤتمر
2,المؤتمر
1,المؤتمر
2,المؤتمر
1,المؤتمر
2,المؤتمر
1,المؤتمر
2,المؤتمر
1,المؤتمر
2,المؤتمر
2,المؤتمر
1,المؤتمر
2,المؤتمر
1,المؤتمر
2,المؤتمر
1,المؤتمر
2,المؤتمر
1,المؤتمر
2,المؤتمر
1,المؤتمر
2,المؤتمر
1,المؤتمر
2,المؤتمر
1,المؤتمر
2,المؤتمر
1,المؤتمر
2,المؤتمر
2,المؤتمر
1,المؤتمر
2,المؤتمر
1,المؤتمر
2,المؤتمر
1,المؤتمر
2,المؤتمر
1,المؤتمر
2,المؤتمر
1,المؤتمر
2,المؤتمر
1,المؤتمر
2,المؤتمر
1,المؤتمر
2,المؤتمر
1,المؤتمر
2,المؤتمر
2,المؤتمر
1,المؤتمر
2,المؤتمر
1,المؤتمر
2,المؤتمر
1,المؤتمر
2,المؤتمر
1,المؤتمر
2,المؤتمر
1,المؤتمر
2,المؤتمر
1,المؤتمر
2,المؤتمر
1,المؤتمر
2,المؤتمر
1,المؤتمر
2,المؤتمر
2,المؤتمر
1,المؤتمر
2,المؤتمر
1,المؤتمر
2,المؤتمر
1,المؤتمر
2,المؤتمر
1,المؤتمر
2,المؤتمر
1,المؤتمر
2,المؤتمر
1,المؤتمر
2,المؤتمر
1,المؤتمر
2,المؤتمر
1,المؤتمر
2,المؤتمر
2,المؤتمر
1,المؤتمر
2,المؤتمر
1,المؤتمر
2,المؤتمر
1,المؤتمر
2,المؤتمر
1,المؤتمر
2,المؤتمر
1,المؤتمر
2,المؤتمر
1,المؤتمر
2,المؤتمر
1,المؤتمر
2,المؤتمر
1,المؤتمر
2,المؤتمر
2,المؤتمر
1,المؤتمر
2,المؤتمر
1,المؤتمر
2,المؤتمر
1,المؤتمر
2,المؤتمر
1,المؤتمر
2,المؤتمر
1,المؤتمر
2,المؤتمر
1,المؤتمر
2,المؤتمر
1,المؤتمر
2,المؤتمر
1,المؤتمر
2,المؤتمر
2,المؤتمر
1,المؤتمر
2,المؤتمر
1,المؤتمر
2,المؤتمر
1,المؤتمر
2,المؤتمر
1,المؤتمر
2,المؤتمر
1,المؤتمر
2,المؤتمر
1,المؤتمر
2,المؤتمر
1,المؤتمر
2,المؤتمر
1,المؤتمر
2,المؤتمر
2,المؤتمر
1,المؤتمر
2,المؤتمر
1,المؤتمر
2,المؤتمر
1,المؤتمر
2,المؤتمر
1,المؤتمر
2,المؤتمر
1,المؤتمر
2,المؤتمر
1,المؤتمر
2,المؤتمر
1,المؤتمر
2,المؤتمر
1,المؤتمر
2,المؤتمر
2,المؤتمر
1,المؤتمر
2,المؤتمر
1,المؤتمر
2,المؤتمر
1,المؤتمر
2,المؤتمر
1,المؤتمر
2,المؤتمر
1,المؤتمر
2,المؤتمر
1,المؤتمر
2,المؤتمر
1,المؤتمر
2,المؤتمر
1,المؤتمر
2,المؤتمر
2,المؤتمر
1,المؤتمر
2,المؤتمر
1,المؤتمر
2,المؤتمر
1,المؤتمر
2,المؤتمر
1,المؤتمر
2,المؤتمر
1,المؤتمر
2,المؤتمر
1,المؤتمر
2,المؤتمر
1,المؤتمر
2,المؤتمر
1,المؤتمر
2,المؤتمر
2,المؤتمر
1,المؤتمر
2,المؤتمر
1,المؤتمر
2,المؤتمر
1,المؤتمر
2,المؤتمر
1,المؤتمر
2,المؤتمر
1,المؤتمر
2,المؤتمر
1,المؤتمر
2,المؤتمر
1,المؤتمر
2,المؤتمر
1,المؤتمر
2,المؤتمر
2,المؤتمر
1,المؤتمر
2,المؤتمر
1,المؤتمر
2,المؤتمر
1,المؤتمر
2,المؤتمر
1,المؤتمر
2,المؤتمر
1,المؤتمر
2,المؤتمر
1,المؤتمر
2,المؤتمر
1,المؤتمر
2,المؤتمر
1,المؤتمر
2,المؤتمر
2,المؤتمر
1,المؤتمر
2,المؤتمر
1,المؤتمر
2,المؤتمر
1,المؤتمر
2,المؤتمر
1,المؤتمر
2,المؤتمر
1,المؤتمر
2,المؤتمر
1,المؤتمر
2,المؤتمر
1,المؤتمر
2,المؤتمر
1,المؤتمر
2,المؤتمر
2,المؤتمر
1,المؤتمر
2,المؤتمر
1,المؤتمر
2,المؤتمر
1,المؤتمر
2,المؤتمر
1,المؤتمر
2,المؤتمر
1,المؤتمر
2,المؤتمر
1,المؤتمر
2,المؤتمر
1,المؤتمر
2,المؤتمر
1,المؤتمر
2,المؤتمر
2,المؤتمر
1,المؤتمر
2,المؤتمر
1,المؤتمر
2,المؤتمر
1,المؤتمر
2,المؤتمر
1,المؤتمر
2,المؤتمر
1,المؤتمر
2,المؤتمر
1,المؤتمر
2,المؤتمر
1,المؤتمر
2,المؤتمر
1,المؤتمر
2,المؤتمر
2,المؤتمر
1,المؤتمر
2,المؤتمر
1,المؤتمر
2,المؤتمر
1,المؤتمر
2,المؤتمر
1,المؤتمر
2,المؤتمر
1,المؤتمر
2,المؤتمر
1,المؤتمر
2,المؤتمر
1,المؤتمر
2,المؤتمر
1,المؤتمر
2,المؤتمر
2,المؤتمر
1,المؤتمر
2,المؤتمر
1,المؤتمر
2,المؤتمر
1,المؤتمر
2,المؤتمر
1,المؤتمر
2,المؤتمر
1,المؤتمر
2,المؤتمر
1,المؤتمر
2,المؤتمر
1,المؤتمر
2,المؤتمر
1,المؤتمر
2,المؤتمر
2,المؤتمر
1,المؤتمر
2,المؤتمر
1,المؤتمر
2,المؤتمر
1,المؤتمر
2,المؤتمر
1,المؤتمر
2,المؤتمر
1,المؤتمر
2,المؤتمر
1,المؤتمر
2,المؤتمر
1,المؤتمر
2,المؤتمر
1,المؤتمر
2,المؤتمر
2,المؤتمر
1,المؤتمر
2,المؤتمر
1,المؤتمر
2,المؤتمر
1,المؤتمر
2,المؤتمر
1,المؤتمر
2,المؤتمر
1,المؤتمر
2,المؤتمر
1,المؤتمر
2,المؤتمر
1,المؤتمر
2,المؤتمر
1,المؤتمر
2,المؤتمر
2,المؤتمر
1,المؤتمر
2,المؤتمر
1,المؤتمر
2,المؤتمر
1,المؤتمر
2,المؤتمر
1,المؤتمر
2,المؤتمر
1,المؤتمر
2,المؤتمر
1,المؤتمر
2,المؤتمر
1,المؤتمر
2,المؤتمر
1,المؤتمر
2,المؤتمر
2,المؤتمر
1,المؤتمر
2,المؤتمر
1,المؤتمر
2,المؤتمر
1,المؤتمر
2,المؤتمر
1,المؤتمر
2,المؤتمر
1,المؤتمر
2,المؤتمر
1,المؤتمر
2,المؤتمر
1,المؤتمر
2,المؤتمر
1,المؤتمر
2,المؤتمر
2,المؤتمر
1,المؤتمر
2,المؤتمر
1,المؤتمر
2,المؤتمر
1,المؤتمر
2,المؤتمر
1,المؤتمر
2,المؤتمر
1,المؤتمر
2,المؤتمر
1,المؤتمر
2,المؤتمر
1,المؤتمر
2,المؤتمر
1,المؤتمر
2,المؤتمر
2,المؤتمر
1,المؤتمر
2,المؤتمر
1,المؤتمر
2,المؤتمر
1,المؤتمر
2,المؤتمر
1,المؤتمر
2,المؤتمر
1,المؤتمر
2,المؤتمر
1,المؤتمر
2,المؤتمر
1,المؤتمر
2,المؤتمر
1,المؤتمر
2,المؤتمر
2,المؤتمر
1,المؤتمر
2,المؤتمر
1,المؤتمر
2,المؤتمر
1,المؤتمر
2,المؤتمر
1,المؤتمر
2,المؤتمر
1,المؤتمر
2,المؤتمر
1,المؤتمر
2,المؤتمر
1,المؤتمر
2,المؤتمر
1,المؤتمر
2,المؤتمر
2,المؤتمر
1,المؤتمر
2,المؤتمر
1,المؤتمر
2,المؤتمر
1,المؤتمر
2,المؤتمر
1,المؤتمر
2,المؤتمر
1,المؤتمر
2,المؤتمر
1,المؤتمر
2,المؤتمر
1,المؤتمر
2,المؤتمر
1,المؤتمر
2,المؤتمر
2,المؤتمر
1,المؤتمر
2,المؤتمر
1,المؤتمر
2,المؤتمر
1,المؤتمر
2,المؤتمر
1,المؤتمر
2,المؤتمر
1,المؤتمر
2,المؤتمر
1,المؤتمر
2,المؤتمر
1,المؤتمر
2,المؤتمر
1,المؤتمر
2,المؤتمر
2,المؤتمر
1,المؤتمر
2,المؤتمر
1,المؤتمر
2,المؤتمر
1,المؤتمر
2,المؤتمر
1,المؤتمر
2,المؤتمر
1,المؤتمر
2,المؤتمر
1,المؤتمر
2,المؤتمر
1,المؤتمر
2,المؤتمر
1,المؤتمر
2,المؤتمر
2,المؤتمر
1,المؤتمر
2,المؤتمر
1,المؤتمر
2,المؤتمر
1,المؤتمر
2,المؤتمر
1,المؤتمر
2,المؤتمر
1,المؤتمر
2,المؤتمر
1,المؤتمر
2,المؤتمر
1,المؤتمر
2,المؤتمر
1,المؤتمر
2,المؤتمر
2,المؤتمر
1,المؤتمر
2,المؤتمر
1,المؤتمر
2,المؤتمر
1,المؤتمر
2,المؤتمر
1,المؤتمر
2,المؤتمر
1,المؤتمر
2,المؤتمر
1,المؤتمر
2,المؤتمر
1,المؤتمر
2,المؤتمر
1,المؤتمر
2,المؤتمر
2,المؤتمر
1,المؤتمر
2,المؤتمر
1,المؤتمر
2,المؤتمر
1,المؤتمر
2,المؤتمر
1,المؤتمر
2,المؤتمر
1,المؤتمر
2,المؤتمر
1,المؤتمر
2,المؤتمر
1,المؤتمر
2,المؤتمر
1,المؤتمر
2,المؤتمر
2,المؤتمر
1,المؤتمر
2,المؤتمر
1,المؤتمر
2,المؤتمر
1,المؤتمر
2,المؤتمر
1,المؤتمر
2,المؤتمر
1,المؤتمر
2,المؤتمر
1,المؤتمر
2,المؤتمر
1,المؤتمر
2,المؤتمر
1,المؤتمر
2,المؤتمر
2,المؤتمر
1,المؤتمر
2,المؤتمر
1,المؤتمر
2,المؤتمر
1,المؤتمر
2,المؤتمر
1,المؤتمر
2,المؤتمر
1,المؤتمر
2,المؤتمر
1,المؤتمر
2,المؤتمر
1,المؤتمر
2,المؤتمر
1,المؤتمر
2,المؤتمر
2,المؤتمر
1,المؤتمر
2,المؤتمر
1,المؤتمر
2,المؤتمر
1,المؤتمر
2,المؤتمر
1,المؤتمر
2,المؤتمر
1,المؤتمر
2,المؤتمر
1,المؤتمر
2,المؤتمر
1,المؤتمر
2,المؤتمر
1,المؤتمر
2,المؤتمر
2,المؤتمر
1,المؤتمر
2,المؤتمر
1,المؤتمر
2,المؤتمر
1,المؤتمر
2,المؤتمر
1,المؤتمر
2,المؤتمر
1,المؤتمر
2,المؤتمر
1,المؤتمر
2,المؤتمر
1,المؤتمر
2,المؤتمر
1,المؤتمر
2,المؤتمر
2,المؤتمر
1,المؤتمر
2,المؤتمر
1,المؤتمر
2,المؤتمر
1,المؤتمر
2,المؤتمر
1,المؤتمر
2,المؤتمر
1,المؤتمر
2,المؤتمر
1,المؤتمر
2,المؤتمر
1,المؤتمر
2,المؤتمر
1,المؤتمر
2,المؤتمر
2,المؤتمر
1,المؤتمر
2,المؤتمر
1,المؤتمر
2,المؤتمر
1,المؤتمر
2,المؤتمر
1,المؤتمر
2,المؤتمر
1,المؤتمر
2,المؤتمر
1,المؤتمر
2,المؤتمر
1,المؤتمر
2,المؤتمر
1,المؤتمر
2,المؤتمر
2,المؤتمر
1,المؤتمر
2,المؤتمر
1,المؤتمر
2,المؤتمر
1,المؤتمر
2,المؤتمر
1,المؤتمر
2,المؤتمر
1,المؤتمر
2,المؤتمر
1,المؤتمر
2,المؤتمر
1,المؤتمر
2,المؤتمر
1,المؤتمر
2,المؤتمر
2,المؤتمر
1,المؤتمر
2,المؤتمر
1,المؤتمر
2,المؤتمر
1,المؤتمر
2,المؤتمر
1,المؤتمر
2,المؤتمر
1,المؤتمر
2,المؤتمر
1,المؤتمر
2,المؤتمر
1,المؤتمر
2,المؤتمر
1,المؤتمر
2,المؤتمر
2,المؤتمر
1,المؤتمر
2,المؤتمر
1,المؤتمر
2,المؤتمر
1,المؤتمر
2,المؤتمر
1,المؤتمر
2,المؤتمر
1,المؤتمر
2,المؤتمر
1,المؤتمر
2,المؤتمر
1,المؤتمر
2,المؤتمر
1,المؤتمر
2,المؤتمر
2,المؤتمر
1,المؤتمر
2,المؤتمر
1,المؤتمر
2,المؤتمر
1,المؤتمر
2,المؤتمر
1,المؤتمر
2,المؤتمر
1,المؤتمر
2,المؤتمر
1,المؤتمر
2,المؤتمر
1,المؤتمر
2,المؤتمر
1,المؤتمر
2,المؤتمر
2,المؤتمر
1,المؤتمر
2,المؤتمر
1,المؤتمر
2,المؤتمر
1,المؤتمر
2,المؤتمر
1,المؤتمر
2,المؤتمر
1,المؤتمر
2,المؤتمر
1,المؤتمر
2,المؤتمر
1,المؤتمر
2,المؤتمر
1,المؤتمر
2,المؤتمر
2,المؤتمر
1,المؤتمر
2,المؤتمر
1,المؤتمر
2,المؤتمر
1,المؤتمر
2,المؤتمر
1,المؤتمر
2,المؤتمر
1,المؤتمر
2,المؤتمر
1,المؤتمر
2,المؤتمر
1,المؤتمر
2,المؤتمر
1,المؤتمر
2,المؤتمر
2,المؤتمر
1,المؤتمر
2,المؤتمر
1,المؤتمر
2,المؤتمر
1,المؤتمر
2,المؤتمر
1,المؤتمر
2,المؤتمر
1,المؤتمر
2,المؤتمر
1,المؤتمر
2,المؤتمر
1,المؤتمر
2,المؤتمر
1,المؤتمر
2,المؤتمر
2,المؤتمر
1,المؤتمر
2,المؤتمر
1,المؤتمر
2,المؤتمر
1,المؤتمر
2,المؤتمر
1,المؤتمر
2,المؤتمر
1,المؤتمر
2,المؤتمر
1,المؤتمر
2,المؤتمر
1,المؤتمر
2,المؤتمر
1,المؤتمر
2,المؤتمر
2,المؤتمر
1,المؤتمر
2,المؤتمر
1,المؤتمر
2,المؤتمر
1,المؤتمر
2,المؤتمر
1,المؤتمر
2,المؤتمر
1,المؤتمر
2,المؤتمر
1,المؤتمر
2,المؤتمر
1,المؤتمر
2,المؤتمر
1,المؤتمر
2,المؤتمر
2,المؤتمر
1,المؤتمر
2,المؤتمر
1,المؤتمر
2,المؤتمر
1,المؤتمر
2,المؤتمر
1,المؤتمر
2,المؤتمر
1,المؤتمر
2,المؤتمر
1,المؤتمر
2,المؤتمر
1,المؤتمر
2,المؤتمر
1,المؤتمر
2,المؤتمر
2,المؤتمر
1,المؤتمر
2,المؤتمر
1,المؤتمر
2,المؤتمر
1,المؤتمر
2,المؤتمر
1,المؤتمر
2,المؤتمر
1,المؤتمر
2,المؤتمر
1,المؤتمر
2,المؤتمر
1,المؤتمر
2,المؤتمر
1,المؤتمر
2,المؤتمر
2,المؤتمر
1,المؤتمر
2,المؤتمر
1,المؤتمر
2,المؤتمر
1,المؤتمر
2,المؤتمر
1,المؤتمر
2,المؤتمر
1,المؤتمر
2,المؤتمر
1,المؤتمر
2,المؤتمر
1,المؤتمر
2,المؤتمر
1,المؤتمر
2,المؤتمر
2,المؤتمر
1,المؤتمر
2,المؤتمر
1,المؤتمر
2,المؤتمر
1,المؤتمر
2,المؤتمر
1,المؤتمر
2,المؤتمر
1,المؤتمر
2,المؤتمر
1,المؤتمر
2,المؤتمر
1,المؤتمر
2,المؤتمر
1,المؤتمر
2,المؤتمر
2,المؤتمر
1,المؤتمر
2,المؤتمر
1,المؤتمر
2,المؤتمر
1,المؤتمر
2,المؤتمر
1,المؤتمر
2,المؤتمر
1,المؤتمر
2,المؤتمر
1,المؤتمر
2,المؤتمر
1,المؤتمر
2,المؤتمر
1,المؤتمر
2,المؤتمر
2,المؤتمر
1,المؤتمر
2,المؤتمر
1,المؤتمر
2,المؤتمر
1,المؤتمر
2,المؤتمر
1,المؤتمر
2,المؤتمر
1,المؤتمر
2,المؤتمر
1,المؤتمر
2,المؤتمر
1,المؤتمر
2,المؤتمر
1,المؤتمر
2,المؤتمر
2,المؤتمر
1,المؤتمر
2,المؤتمر
1,المؤتمر
2,المؤتمر
1,المؤتمر
2,المؤتمر
1,المؤتمر
2,المؤتمر
1,المؤتمر
2,المؤتمر
1,المؤتمر
2,المؤتمر
1,المؤتمر
2,المؤتمر
1,المؤتمر
2,المؤتمر
2,المؤتمر
1,المؤتمر
2,المؤتمر
1,المؤتمر
2,المؤتمر
1,المؤتمر
2,المؤتمر
1,المؤتمر
2,المؤتمر
1,المؤتمر
2,المؤتمر
1,المؤتمر
2,المؤتمر
1,المؤتمر
2,المؤتمر
1,المؤتمر
2,المؤتمر
2,المؤتمر
1,المؤتمر
2,المؤتمر
1,المؤتمر
2,المؤتمر
1,المؤتمر
2,المؤتمر
1,المؤتمر
2,المؤتمر
1,المؤتمر
2,المؤتمر
1,المؤتمر
2,المؤتمر
1,المؤتمر
2,المؤتمر
1,المؤتمر
2,المؤتمر
2,المؤتمر
1,المؤتمر
2,المؤتمر
1,المؤتمر
2,المؤتمر
1,المؤتمر
2,المؤتمر
1,المؤتمر
2,المؤتمر
1,المؤتمر
2,المؤتمر
1,المؤتمر
2,المؤتمر
1,المؤتمر
2,المؤتمر
1,المؤتمر
2,المؤتمر
2,المؤتمر
1,المؤتمر
2,المؤتمر
1,المؤتمر
2,المؤتمر
1,المؤتمر
2,المؤتمر
1,المؤتمر
2,المؤتمر
1,المؤتمر
2,المؤتمر
1,المؤتمر
2,المؤتمر
1,المؤتمر
2,المؤتمر
1,المؤتمر
2,المؤتمر
2,المؤتمر
1,المؤتمر
2,المؤتمر
1,المؤتمر
2,المؤتمر
1,المؤتمر
2,المؤتمر
1,المؤتمر
2,المؤتمر
1,المؤتمر
2,المؤتمر
1,المؤتمر
2,المؤتمر
1,المؤتمر
2,المؤتمر